epoch,time,train/box_loss,train/cls_loss,train/dfl_loss,metrics/precision(B),metrics/recall(B),metrics/mAP50(B),metrics/mAP50-95(B),val/box_loss,val/cls_loss,val/dfl_loss,lr/pg0,lr/pg1,lr/pg2
1,906.352,2.03808,3.57549,1.90321,0.29007,0.22172,0.17386,0.07338,2.1989,4.28766,2.50415,0.000661939,0.000661939,0.000661939
2,1879.36,2.20949,3.10735,2.08404,0.33175,0.23077,0.18821,0.07939,2.3611,4.24411,2.55725,0.0013023,0.0013023,0.0013023
